Project,Coverage > -95dBm (%),Coverage > -100dBm (%),Num_Transmitters,Reward,Output_File
libya_tile_square_centroid_100_134,93.28671264648438,93.28671264648438,14,"tensor(0.4735, device='cuda:0')",polygon_data\libya_tile_square_centroid_100_134\deployed_transmitters_20250903_060742.csv
libya_tile_square_centroid_100_431,93.44988250732422,93.44988250732422,23,"tensor(0.6791, device='cuda:0')",polygon_data\libya_tile_square_centroid_100_431\deployed_transmitters_20250903_060744.csv
libya_tile_square_centroid_100_432,93.33333587646484,93.33333587646484,20,"tensor(0.5277, device='cuda:0')",polygon_data\libya_tile_square_centroid_100_432\deployed_transmitters_20250903_060744.csv
libya_tile_square_centroid_100_433,91.66667175292969,91.66667175292969,20,"tensor(0.5445, device='cuda:0')",polygon_data\libya_tile_square_centroid_100_433\deployed_transmitters_20250903_060744.csv
libya_tile_square_centroid_100_434,93.44988250732422,93.44988250732422,18,"tensor(0.4419, device='cuda:0')",polygon_data\libya_tile_square_centroid_100_434\deployed_transmitters_20250903_060744.csv
libya_tile_square_centroid_100_435,93.61305236816406,93.61305236816406,16,"tensor(0.5099, device='cuda:0')",polygon_data\libya_tile_square_centroid_100_435\deployed_transmitters_20250903_060745.csv
libya_tile_square_centroid_100_436,91.68962097167969,91.68962097167969,15,"tensor(0.4503, device='cuda:0')",polygon_data\libya_tile_square_centroid_100_436\deployed_transmitters_20250903_060745.csv
libya_tile_square_centroid_100_437,93.31002044677734,93.31002044677734,23,"tensor(0.6106, device='cuda:0')",polygon_data\libya_tile_square_centroid_100_437\deployed_transmitters_20250903_060745.csv
libya_tile_square_centroid_100_438,93.40325927734375,93.40325927734375,21,"tensor(0.6651, device='cuda:0')",polygon_data\libya_tile_square_centroid_100_438\deployed_transmitters_20250903_060745.csv
libya_tile_square_centroid_100_439,93.37995147705078,93.37995147705078,18,"tensor(0.6261, device='cuda:0')",polygon_data\libya_tile_square_centroid_100_439\deployed_transmitters_20250903_060745.csv
libya_tile_square_centroid_100_440,91.89623260498047,91.89623260498047,23,"tensor(0.6947, device='cuda:0')",polygon_data\libya_tile_square_centroid_100_440\deployed_transmitters_20250903_060746.csv
libya_tile_square_centroid_100_458,91.8503189086914,91.8503189086914,17,"tensor(0.6723, device='cuda:0')",polygon_data\libya_tile_square_centroid_100_458\deployed_transmitters_20250903_060746.csv
libya_tile_square_centroid_100_459,91.87327575683594,91.87327575683594,13,"tensor(0.4428, device='cuda:0')",polygon_data\libya_tile_square_centroid_100_459\deployed_transmitters_20250903_060746.csv
libya_tile_square_centroid_100_460,93.40325927734375,93.40325927734375,16,"tensor(0.5416, device='cuda:0')",polygon_data\libya_tile_square_centroid_100_460\deployed_transmitters_20250903_060746.csv
libya_tile_square_centroid_100_461,91.94214630126953,91.94214630126953,16,"tensor(0.4284, device='cuda:0')",polygon_data\libya_tile_square_centroid_100_461\deployed_transmitters_20250903_060746.csv
libya_tile_square_centroid_100_462,91.89623260498047,91.89623260498047,12,"tensor(0.4160, device='cuda:0')",polygon_data\libya_tile_square_centroid_100_462\deployed_transmitters_20250903_060746.csv
libya_tile_square_centroid_100_463,93.28671264648438,93.28671264648438,18,"tensor(0.5559, device='cuda:0')",polygon_data\libya_tile_square_centroid_100_463\deployed_transmitters_20250903_060747.csv
libya_tile_square_centroid_100_464,93.49649810791016,93.49649810791016,20,"tensor(0.5795, device='cuda:0')",polygon_data\libya_tile_square_centroid_100_464\deployed_transmitters_20250903_060747.csv
libya_tile_square_centroid_100_465,91.82736206054688,91.82736206054688,16,"tensor(0.4238, device='cuda:0')",polygon_data\libya_tile_square_centroid_100_465\deployed_transmitters_20250903_060747.csv
libya_tile_square_centroid_100_466,91.75849914550781,91.75849914550781,19,"tensor(0.3975, device='cuda:0')",polygon_data\libya_tile_square_centroid_100_466\deployed_transmitters_20250903_060747.csv
libya_tile_square_centroid_100_467,95.10059356689453,95.10059356689453,19,"tensor(0.5660, device='cuda:0')",polygon_data\libya_tile_square_centroid_100_467\deployed_transmitters_20250903_060747.csv
libya_tile_square_centroid_100_468,91.78144836425781,91.78144836425781,19,"tensor(0.5710, device='cuda:0')",polygon_data\libya_tile_square_centroid_100_468\deployed_transmitters_20250903_060747.csv
libya_tile_square_centroid_100_469,91.80441284179688,91.80441284179688,15,"tensor(0.4473, device='cuda:0')",polygon_data\libya_tile_square_centroid_100_469\deployed_transmitters_20250903_060748.csv
libya_tile_square_centroid_101_133,93.33333587646484,93.33333587646484,17,"tensor(0.6246, device='cuda:0')",polygon_data\libya_tile_square_centroid_101_133\deployed_transmitters_20250903_060748.csv
libya_tile_square_centroid_101_134,91.68962097167969,91.68962097167969,15,"tensor(0.5314, device='cuda:0')",polygon_data\libya_tile_square_centroid_101_134\deployed_transmitters_20250903_060748.csv
libya_tile_square_centroid_101_431,91.89623260498047,91.89623260498047,12,"tensor(0.4833, device='cuda:0')",polygon_data\libya_tile_square_centroid_101_431\deployed_transmitters_20250903_060749.csv
libya_tile_square_centroid_101_432,91.78144836425781,91.78144836425781,20,"tensor(0.6535, device='cuda:0')",polygon_data\libya_tile_square_centroid_101_432\deployed_transmitters_20250903_060749.csv
libya_tile_square_centroid_101_433,93.47319793701172,93.47319793701172,21,"tensor(0.5954, device='cuda:0')",polygon_data\libya_tile_square_centroid_101_433\deployed_transmitters_20250903_060750.csv
libya_tile_square_centroid_101_434,93.47319793701172,93.47319793701172,18,"tensor(0.5405, device='cuda:0')",polygon_data\libya_tile_square_centroid_101_434\deployed_transmitters_20250903_060750.csv
libya_tile_square_centroid_101_435,91.66667175292969,91.66667175292969,23,"tensor(0.6642, device='cuda:0')",polygon_data\libya_tile_square_centroid_101_435\deployed_transmitters_20250903_060750.csv
libya_tile_square_centroid_101_436,91.919189453125,91.919189453125,15,"tensor(0.4466, device='cuda:0')",polygon_data\libya_tile_square_centroid_101_436\deployed_transmitters_20250903_060750.csv
libya_tile_square_centroid_101_437,93.5897445678711,93.5897445678711,18,"tensor(0.5832, device='cuda:0')",polygon_data\libya_tile_square_centroid_101_437\deployed_transmitters_20250903_060750.csv
libya_tile_square_centroid_101_438,91.73553466796875,91.73553466796875,16,"tensor(0.5425, device='cuda:0')",polygon_data\libya_tile_square_centroid_101_438\deployed_transmitters_20250903_060750.csv
libya_tile_square_centroid_101_458,93.35664367675781,93.35664367675781,19,"tensor(0.7238, device='cuda:0')",polygon_data\libya_tile_square_centroid_101_458\deployed_transmitters_20250903_060751.csv
libya_tile_square_centroid_101_459,93.47319793701172,93.47319793701172,18,"tensor(0.5382, device='cuda:0')",polygon_data\libya_tile_square_centroid_101_459\deployed_transmitters_20250903_060751.csv
libya_tile_square_centroid_101_460,91.80441284179688,91.80441284179688,20,"tensor(0.6349, device='cuda:0')",polygon_data\libya_tile_square_centroid_101_460\deployed_transmitters_20250903_060751.csv
libya_tile_square_centroid_101_461,91.89623260498047,91.89623260498047,21,"tensor(0.5795, device='cuda:0')",polygon_data\libya_tile_square_centroid_101_461\deployed_transmitters_20250903_060751.csv
libya_tile_square_centroid_101_462,93.31002044677734,93.31002044677734,20,"tensor(0.5608, device='cuda:0')",polygon_data\libya_tile_square_centroid_101_462\deployed_transmitters_20250903_060751.csv
libya_tile_square_centroid_101_463,93.44988250732422,93.44988250732422,17,"tensor(0.6190, device='cuda:0')",polygon_data\libya_tile_square_centroid_101_463\deployed_transmitters_20250903_060752.csv
libya_tile_square_centroid_101_464,91.89623260498047,91.89623260498047,24,"tensor(0.5256, device='cuda:0')",polygon_data\libya_tile_square_centroid_101_464\deployed_transmitters_20250903_060752.csv
libya_tile_square_centroid_101_465,91.73553466796875,91.73553466796875,18,"tensor(0.5526, device='cuda:0')",polygon_data\libya_tile_square_centroid_101_465\deployed_transmitters_20250903_060752.csv
libya_tile_square_centroid_101_466,93.5897445678711,93.5897445678711,21,"tensor(0.5045, device='cuda:0')",polygon_data\libya_tile_square_centroid_101_466\deployed_transmitters_20250903_060752.csv
libya_tile_square_centroid_101_467,91.87327575683594,91.87327575683594,22,"tensor(0.5543, device='cuda:0')",polygon_data\libya_tile_square_centroid_101_467\deployed_transmitters_20250903_060752.csv
libya_tile_square_centroid_101_468,91.68962097167969,91.68962097167969,16,"tensor(0.5025, device='cuda:0')",polygon_data\libya_tile_square_centroid_101_468\deployed_transmitters_20250903_060752.csv
libya_tile_square_centroid_101_469,94.95858001708984,94.95858001708984,15,"tensor(0.4053, device='cuda:0')",polygon_data\libya_tile_square_centroid_101_469\deployed_transmitters_20250903_060753.csv
libya_tile_square_centroid_102_133,93.2634048461914,93.2634048461914,17,"tensor(0.5834, device='cuda:0')",polygon_data\libya_tile_square_centroid_102_133\deployed_transmitters_20250903_060753.csv
libya_tile_square_centroid_102_430,91.8503189086914,91.8503189086914,18,"tensor(0.6458, device='cuda:0')",polygon_data\libya_tile_square_centroid_102_430\deployed_transmitters_20250903_060754.csv
libya_tile_square_centroid_102_431,92.01101684570312,92.01101684570312,17,"tensor(0.5541, device='cuda:0')",polygon_data\libya_tile_square_centroid_102_431\deployed_transmitters_20250903_060754.csv
libya_tile_square_centroid_102_432,93.37995147705078,93.37995147705078,17,"tensor(0.6277, device='cuda:0')",polygon_data\libya_tile_square_centroid_102_432\deployed_transmitters_20250903_060754.csv
libya_tile_square_centroid_102_433,91.919189453125,91.919189453125,17,"tensor(0.5031, device='cuda:0')",polygon_data\libya_tile_square_centroid_102_433\deployed_transmitters_20250903_060755.csv
libya_tile_square_centroid_102_434,91.78144836425781,91.78144836425781,20,"tensor(0.5812, device='cuda:0')",polygon_data\libya_tile_square_centroid_102_434\deployed_transmitters_20250903_060755.csv
libya_tile_square_centroid_102_435,93.31002044677734,93.31002044677734,16,"tensor(0.5071, device='cuda:0')",polygon_data\libya_tile_square_centroid_102_435\deployed_transmitters_20250903_060755.csv
libya_tile_square_centroid_102_436,95.00592041015625,95.00592041015625,22,"tensor(0.6264, device='cuda:0')",polygon_data\libya_tile_square_centroid_102_436\deployed_transmitters_20250903_060755.csv
libya_tile_square_centroid_102_437,91.66667175292969,91.66667175292969,18,"tensor(0.6242, device='cuda:0')",polygon_data\libya_tile_square_centroid_102_437\deployed_transmitters_20250903_060756.csv
libya_tile_square_centroid_102_439,93.51981353759766,93.51981353759766,17,"tensor(0.5521, device='cuda:0')",polygon_data\libya_tile_square_centroid_102_439\deployed_transmitters_20250903_060756.csv
libya_tile_square_centroid_102_458,93.54312133789062,93.54312133789062,17,"tensor(0.5083, device='cuda:0')",polygon_data\libya_tile_square_centroid_102_458\deployed_transmitters_20250903_060756.csv
libya_tile_square_centroid_102_459,91.68962097167969,91.68962097167969,21,"tensor(0.6073, device='cuda:0')",polygon_data\libya_tile_square_centroid_102_459\deployed_transmitters_20250903_060756.csv
libya_tile_square_centroid_102_460,93.31002044677734,93.31002044677734,25,"tensor(0.6381, device='cuda:0')",polygon_data\libya_tile_square_centroid_102_460\deployed_transmitters_20250903_060756.csv
libya_tile_square_centroid_102_461,93.49649810791016,93.49649810791016,18,"tensor(0.4759, device='cuda:0')",polygon_data\libya_tile_square_centroid_102_461\deployed_transmitters_20250903_060756.csv
libya_tile_square_centroid_102_462,91.8503189086914,91.8503189086914,16,"tensor(0.4993, device='cuda:0')",polygon_data\libya_tile_square_centroid_102_462\deployed_transmitters_20250903_060757.csv
libya_tile_square_centroid_102_463,93.31002044677734,93.31002044677734,19,"tensor(0.5872, device='cuda:0')",polygon_data\libya_tile_square_centroid_102_463\deployed_transmitters_20250903_060757.csv
libya_tile_square_centroid_102_464,91.8503189086914,91.8503189086914,18,"tensor(0.4038, device='cuda:0')",polygon_data\libya_tile_square_centroid_102_464\deployed_transmitters_20250903_060757.csv
libya_tile_square_centroid_102_465,93.47319793701172,93.47319793701172,21,"tensor(0.6324, device='cuda:0')",polygon_data\libya_tile_square_centroid_102_465\deployed_transmitters_20250903_060757.csv
libya_tile_square_centroid_102_466,91.87327575683594,91.87327575683594,19,"tensor(0.6360, device='cuda:0')",polygon_data\libya_tile_square_centroid_102_466\deployed_transmitters_20250903_060757.csv
libya_tile_square_centroid_102_467,91.68962097167969,91.68962097167969,16,"tensor(0.4548, device='cuda:0')",polygon_data\libya_tile_square_centroid_102_467\deployed_transmitters_20250903_060758.csv
libya_tile_square_centroid_102_468,93.5897445678711,93.5897445678711,14,"tensor(0.6250, device='cuda:0')",polygon_data\libya_tile_square_centroid_102_468\deployed_transmitters_20250903_060758.csv
libya_tile_square_centroid_103_133,91.64370727539062,91.64370727539062,22,"tensor(0.7600, device='cuda:0')",polygon_data\libya_tile_square_centroid_103_133\deployed_transmitters_20250903_060758.csv
libya_tile_square_centroid_103_430,95.00592041015625,95.00592041015625,23,"tensor(0.6573, device='cuda:0')",polygon_data\libya_tile_square_centroid_103_430\deployed_transmitters_20250903_060759.csv
libya_tile_square_centroid_103_431,93.2634048461914,93.2634048461914,21,"tensor(0.5282, device='cuda:0')",polygon_data\libya_tile_square_centroid_103_431\deployed_transmitters_20250903_060759.csv
libya_tile_square_centroid_103_432,91.87327575683594,91.87327575683594,21,"tensor(0.4888, device='cuda:0')",polygon_data\libya_tile_square_centroid_103_432\deployed_transmitters_20250903_060759.csv
libya_tile_square_centroid_103_433,91.89623260498047,91.89623260498047,19,"tensor(0.4606, device='cuda:0')",polygon_data\libya_tile_square_centroid_103_433\deployed_transmitters_20250903_060800.csv
libya_tile_square_centroid_103_434,93.31002044677734,93.31002044677734,20,"tensor(0.4219, device='cuda:0')",polygon_data\libya_tile_square_centroid_103_434\deployed_transmitters_20250903_060800.csv
libya_tile_square_centroid_103_435,92.03397369384766,92.03397369384766,22,"tensor(0.6101, device='cuda:0')",polygon_data\libya_tile_square_centroid_103_435\deployed_transmitters_20250903_060800.csv
libya_tile_square_centroid_103_436,91.78144836425781,91.78144836425781,19,"tensor(0.5611, device='cuda:0')",polygon_data\libya_tile_square_centroid_103_436\deployed_transmitters_20250903_060800.csv
libya_tile_square_centroid_103_437,91.82736206054688,91.82736206054688,19,"tensor(0.4927, device='cuda:0')",polygon_data\libya_tile_square_centroid_103_437\deployed_transmitters_20250903_060800.csv
libya_tile_square_centroid_103_438,95.00592041015625,95.00592041015625,13,"tensor(0.3637, device='cuda:0')",polygon_data\libya_tile_square_centroid_103_438\deployed_transmitters_20250903_060801.csv
libya_tile_square_centroid_103_439,91.73553466796875,91.73553466796875,20,"tensor(0.6095, device='cuda:0')",polygon_data\libya_tile_square_centroid_103_439\deployed_transmitters_20250903_060801.csv
libya_tile_square_centroid_103_455,91.73553466796875,91.73553466796875,13,"tensor(0.4602, device='cuda:0')",polygon_data\libya_tile_square_centroid_103_455\deployed_transmitters_20250903_060801.csv
libya_tile_square_centroid_103_456,93.44988250732422,93.44988250732422,16,"tensor(0.4307, device='cuda:0')",polygon_data\libya_tile_square_centroid_103_456\deployed_transmitters_20250903_060801.csv
libya_tile_square_centroid_103_457,93.44988250732422,93.44988250732422,19,"tensor(0.5044, device='cuda:0')",polygon_data\libya_tile_square_centroid_103_457\deployed_transmitters_20250903_060801.csv
libya_tile_square_centroid_103_458,91.66667175292969,91.66667175292969,21,"tensor(0.6892, device='cuda:0')",polygon_data\libya_tile_square_centroid_103_458\deployed_transmitters_20250903_060802.csv
libya_tile_square_centroid_103_459,91.919189453125,91.919189453125,19,"tensor(0.5570, device='cuda:0')",polygon_data\libya_tile_square_centroid_103_459\deployed_transmitters_20250903_060802.csv
libya_tile_square_centroid_103_460,93.61305236816406,93.61305236816406,19,"tensor(0.5464, device='cuda:0')",polygon_data\libya_tile_square_centroid_103_460\deployed_transmitters_20250903_060802.csv
libya_tile_square_centroid_103_461,91.68962097167969,91.68962097167969,21,"tensor(0.5207, device='cuda:0')",polygon_data\libya_tile_square_centroid_103_461\deployed_transmitters_20250903_060802.csv
libya_tile_square_centroid_103_462,91.87327575683594,91.87327575683594,21,"tensor(0.4927, device='cuda:0')",polygon_data\libya_tile_square_centroid_103_462\deployed_transmitters_20250903_060802.csv
libya_tile_square_centroid_103_463,93.44988250732422,93.44988250732422,18,"tensor(0.5393, device='cuda:0')",polygon_data\libya_tile_square_centroid_103_463\deployed_transmitters_20250903_060803.csv
libya_tile_square_centroid_103_464,93.28671264648438,93.28671264648438,12,"tensor(0.3329, device='cuda:0')",polygon_data\libya_tile_square_centroid_103_464\deployed_transmitters_20250903_060803.csv
libya_tile_square_centroid_103_465,93.28671264648438,93.28671264648438,16,"tensor(0.4892, device='cuda:0')",polygon_data\libya_tile_square_centroid_103_465\deployed_transmitters_20250903_060803.csv
libya_tile_square_centroid_103_466,91.8503189086914,91.8503189086914,20,"tensor(0.6320, device='cuda:0')",polygon_data\libya_tile_square_centroid_103_466\deployed_transmitters_20250903_060803.csv
libya_tile_square_centroid_103_467,93.49649810791016,93.49649810791016,22,"tensor(0.6471, device='cuda:0')",polygon_data\libya_tile_square_centroid_103_467\deployed_transmitters_20250903_060803.csv
libya_tile_square_centroid_104_133,94.98224639892578,94.98224639892578,18,"tensor(0.5632, device='cuda:0')",polygon_data\libya_tile_square_centroid_104_133\deployed_transmitters_20250903_060804.csv
libya_tile_square_centroid_104_430,91.87327575683594,91.87327575683594,14,"tensor(0.4406, device='cuda:0')",polygon_data\libya_tile_square_centroid_104_430\deployed_transmitters_20250903_060805.csv
libya_tile_square_centroid_104_431,91.73553466796875,91.73553466796875,19,"tensor(0.5797, device='cuda:0')",polygon_data\libya_tile_square_centroid_104_431\deployed_transmitters_20250903_060805.csv
libya_tile_square_centroid_104_432,93.40325927734375,93.40325927734375,27,"tensor(0.6960, device='cuda:0')",polygon_data\libya_tile_square_centroid_104_432\deployed_transmitters_20250903_060805.csv
libya_tile_square_centroid_104_433,93.37995147705078,93.37995147705078,24,"tensor(0.5978, device='cuda:0')",polygon_data\libya_tile_square_centroid_104_433\deployed_transmitters_20250903_060805.csv
libya_tile_square_centroid_104_434,91.87327575683594,91.87327575683594,17,"tensor(0.4730, device='cuda:0')",polygon_data\libya_tile_square_centroid_104_434\deployed_transmitters_20250903_060805.csv
libya_tile_square_centroid_104_435,91.89623260498047,91.89623260498047,19,"tensor(0.5426, device='cuda:0')",polygon_data\libya_tile_square_centroid_104_435\deployed_transmitters_20250903_060806.csv
libya_tile_square_centroid_104_436,93.24009704589844,93.24009704589844,18,"tensor(0.5496, device='cuda:0')",polygon_data\libya_tile_square_centroid_104_436\deployed_transmitters_20250903_060806.csv
libya_tile_square_centroid_104_437,93.51981353759766,93.51981353759766,17,"tensor(0.5612, device='cuda:0')",polygon_data\libya_tile_square_centroid_104_437\deployed_transmitters_20250903_060806.csv
libya_tile_square_centroid_104_439,91.78144836425781,91.78144836425781,15,"tensor(0.4365, device='cuda:0')",polygon_data\libya_tile_square_centroid_104_439\deployed_transmitters_20250903_060806.csv
libya_tile_square_centroid_104_454,91.8503189086914,91.8503189086914,17,"tensor(0.4620, device='cuda:0')",polygon_data\libya_tile_square_centroid_104_454\deployed_transmitters_20250903_060806.csv
libya_tile_square_centroid_104_455,93.42657470703125,93.42657470703125,18,"tensor(0.5634, device='cuda:0')",polygon_data\libya_tile_square_centroid_104_455\deployed_transmitters_20250903_060806.csv
libya_tile_square_centroid_104_456,93.35664367675781,93.35664367675781,21,"tensor(0.5793, device='cuda:0')",polygon_data\libya_tile_square_centroid_104_456\deployed_transmitters_20250903_060807.csv
libya_tile_square_centroid_104_457,91.75849914550781,91.75849914550781,13,"tensor(0.3702, device='cuda:0')",polygon_data\libya_tile_square_centroid_104_457\deployed_transmitters_20250903_060807.csv
libya_tile_square_centroid_104_458,91.919189453125,91.919189453125,18,"tensor(0.4364, device='cuda:0')",polygon_data\libya_tile_square_centroid_104_458\deployed_transmitters_20250903_060807.csv
libya_tile_square_centroid_104_459,94.98224639892578,94.98224639892578,19,"tensor(0.6214, device='cuda:0')",polygon_data\libya_tile_square_centroid_104_459\deployed_transmitters_20250903_060807.csv
libya_tile_square_centroid_104_460,91.68962097167969,91.68962097167969,20,"tensor(0.6097, device='cuda:0')",polygon_data\libya_tile_square_centroid_104_460\deployed_transmitters_20250903_060807.csv
libya_tile_square_centroid_104_461,91.82736206054688,91.82736206054688,16,"tensor(0.4318, device='cuda:0')",polygon_data\libya_tile_square_centroid_104_461\deployed_transmitters_20250903_060808.csv
libya_tile_square_centroid_104_462,93.56643676757812,93.56643676757812,16,"tensor(0.4214, device='cuda:0')",polygon_data\libya_tile_square_centroid_104_462\deployed_transmitters_20250903_060808.csv
libya_tile_square_centroid_104_463,91.78144836425781,91.78144836425781,16,"tensor(0.4812, device='cuda:0')",polygon_data\libya_tile_square_centroid_104_463\deployed_transmitters_20250903_060808.csv
libya_tile_square_centroid_104_464,91.87327575683594,91.87327575683594,19,"tensor(0.5983, device='cuda:0')",polygon_data\libya_tile_square_centroid_104_464\deployed_transmitters_20250903_060808.csv
libya_tile_square_centroid_104_465,91.9880599975586,91.9880599975586,12,"tensor(0.3596, device='cuda:0')",polygon_data\libya_tile_square_centroid_104_465\deployed_transmitters_20250903_060808.csv
libya_tile_square_centroid_104_466,93.33333587646484,93.33333587646484,23,"tensor(0.4833, device='cuda:0')",polygon_data\libya_tile_square_centroid_104_466\deployed_transmitters_20250903_060808.csv
libya_tile_square_centroid_104_467,91.87327575683594,91.87327575683594,18,"tensor(0.6834, device='cuda:0')",polygon_data\libya_tile_square_centroid_104_467\deployed_transmitters_20250903_060809.csv
libya_tile_square_centroid_105_132,91.71258544921875,91.71258544921875,24,"tensor(0.8305, device='cuda:0')",polygon_data\libya_tile_square_centroid_105_132\deployed_transmitters_20250903_060809.csv
libya_tile_square_centroid_105_133,91.78144836425781,91.78144836425781,15,"tensor(0.5226, device='cuda:0')",polygon_data\libya_tile_square_centroid_105_133\deployed_transmitters_20250903_060809.csv
libya_tile_square_centroid_105_316,93.51981353759766,93.51981353759766,19,"tensor(0.5128, device='cuda:0')",polygon_data\libya_tile_square_centroid_105_316\deployed_transmitters_20250903_060810.csv
libya_tile_square_centroid_105_430,91.66667175292969,91.66667175292969,17,"tensor(0.5502, device='cuda:0')",polygon_data\libya_tile_square_centroid_105_430\deployed_transmitters_20250903_060810.csv
libya_tile_square_centroid_105_431,93.51981353759766,93.51981353759766,13,"tensor(0.4546, device='cuda:0')",polygon_data\libya_tile_square_centroid_105_431\deployed_transmitters_20250903_060810.csv
libya_tile_square_centroid_105_432,93.37995147705078,93.37995147705078,12,"tensor(0.5166, device='cuda:0')",polygon_data\libya_tile_square_centroid_105_432\deployed_transmitters_20250903_060811.csv
libya_tile_square_centroid_105_433,91.75849914550781,91.75849914550781,17,"tensor(0.5642, device='cuda:0')",polygon_data\libya_tile_square_centroid_105_433\deployed_transmitters_20250903_060811.csv
libya_tile_square_centroid_105_434,93.28671264648438,93.28671264648438,15,"tensor(0.4910, device='cuda:0')",polygon_data\libya_tile_square_centroid_105_434\deployed_transmitters_20250903_060811.csv
libya_tile_square_centroid_105_435,93.35664367675781,93.35664367675781,16,"tensor(0.5470, device='cuda:0')",polygon_data\libya_tile_square_centroid_105_435\deployed_transmitters_20250903_060811.csv
libya_tile_square_centroid_105_436,92.01101684570312,92.01101684570312,19,"tensor(0.4833, device='cuda:0')",polygon_data\libya_tile_square_centroid_105_436\deployed_transmitters_20250903_060811.csv
libya_tile_square_centroid_105_437,91.87327575683594,91.87327575683594,17,"tensor(0.4172, device='cuda:0')",polygon_data\libya_tile_square_centroid_105_437\deployed_transmitters_20250903_060811.csv
libya_tile_square_centroid_105_439,93.5897445678711,93.5897445678711,23,"tensor(0.6448, device='cuda:0')",polygon_data\libya_tile_square_centroid_105_439\deployed_transmitters_20250903_060812.csv
libya_tile_square_centroid_105_454,93.35664367675781,93.35664367675781,13,"tensor(0.4754, device='cuda:0')",polygon_data\libya_tile_square_centroid_105_454\deployed_transmitters_20250903_060812.csv
libya_tile_square_centroid_105_455,91.87327575683594,91.87327575683594,14,"tensor(0.4360, device='cuda:0')",polygon_data\libya_tile_square_centroid_105_455\deployed_transmitters_20250903_060812.csv
libya_tile_square_centroid_105_456,91.87327575683594,91.87327575683594,17,"tensor(0.4721, device='cuda:0')",polygon_data\libya_tile_square_centroid_105_456\deployed_transmitters_20250903_060812.csv
libya_tile_square_centroid_105_457,93.28671264648438,93.28671264648438,22,"tensor(0.6136, device='cuda:0')",polygon_data\libya_tile_square_centroid_105_457\deployed_transmitters_20250903_060812.csv
libya_tile_square_centroid_105_458,93.47319793701172,93.47319793701172,11,"tensor(0.3767, device='cuda:0')",polygon_data\libya_tile_square_centroid_105_458\deployed_transmitters_20250903_060812.csv
libya_tile_square_centroid_105_459,91.78144836425781,91.78144836425781,17,"tensor(0.5497, device='cuda:0')",polygon_data\libya_tile_square_centroid_105_459\deployed_transmitters_20250903_060813.csv
libya_tile_square_centroid_105_460,91.80441284179688,91.80441284179688,21,"tensor(0.5884, device='cuda:0')",polygon_data\libya_tile_square_centroid_105_460\deployed_transmitters_20250903_060813.csv
libya_tile_square_centroid_105_461,95.00592041015625,95.00592041015625,24,"tensor(0.5875, device='cuda:0')",polygon_data\libya_tile_square_centroid_105_461\deployed_transmitters_20250903_060813.csv
libya_tile_square_centroid_105_462,91.78144836425781,91.78144836425781,24,"tensor(0.5837, device='cuda:0')",polygon_data\libya_tile_square_centroid_105_462\deployed_transmitters_20250903_060813.csv
libya_tile_square_centroid_105_463,91.78144836425781,91.78144836425781,16,"tensor(0.4582, device='cuda:0')",polygon_data\libya_tile_square_centroid_105_463\deployed_transmitters_20250903_060813.csv
libya_tile_square_centroid_105_464,94.91123962402344,94.91123962402344,19,"tensor(0.7009, device='cuda:0')",polygon_data\libya_tile_square_centroid_105_464\deployed_transmitters_20250903_060814.csv
libya_tile_square_centroid_105_465,93.28671264648438,93.28671264648438,18,"tensor(0.5708, device='cuda:0')",polygon_data\libya_tile_square_centroid_105_465\deployed_transmitters_20250903_060814.csv
libya_tile_square_centroid_105_466,91.8503189086914,91.8503189086914,19,"tensor(0.6387, device='cuda:0')",polygon_data\libya_tile_square_centroid_105_466\deployed_transmitters_20250903_060814.csv
libya_tile_square_centroid_105_467,91.919189453125,91.919189453125,14,"tensor(0.5912, device='cuda:0')",polygon_data\libya_tile_square_centroid_105_467\deployed_transmitters_20250903_060814.csv
libya_tile_square_centroid_106_132,94.8875732421875,94.8875732421875,18,"tensor(0.5561, device='cuda:0')",polygon_data\libya_tile_square_centroid_106_132\deployed_transmitters_20250903_060814.csv
libya_tile_square_centroid_106_402,93.56643676757812,93.56643676757812,23,"tensor(0.5819, device='cuda:0')",polygon_data\libya_tile_square_centroid_106_402\deployed_transmitters_20250903_060815.csv
libya_tile_square_centroid_106_403,91.8503189086914,91.8503189086914,17,"tensor(0.5704, device='cuda:0')",polygon_data\libya_tile_square_centroid_106_403\deployed_transmitters_20250903_060815.csv
libya_tile_square_centroid_106_430,93.51981353759766,93.51981353759766,20,"tensor(0.5443, device='cuda:0')",polygon_data\libya_tile_square_centroid_106_430\deployed_transmitters_20250903_060816.csv
libya_tile_square_centroid_106_431,91.94214630126953,91.94214630126953,17,"tensor(0.6516, device='cuda:0')",polygon_data\libya_tile_square_centroid_106_431\deployed_transmitters_20250903_060816.csv
libya_tile_square_centroid_106_432,91.64370727539062,91.64370727539062,19,"tensor(0.6266, device='cuda:0')",polygon_data\libya_tile_square_centroid_106_432\deployed_transmitters_20250903_060816.csv
libya_tile_square_centroid_106_433,92.01101684570312,92.01101684570312,19,"tensor(0.6302, device='cuda:0')",polygon_data\libya_tile_square_centroid_106_433\deployed_transmitters_20250903_060816.csv
libya_tile_square_centroid_106_434,93.44988250732422,93.44988250732422,21,"tensor(0.6578, device='cuda:0')",polygon_data\libya_tile_square_centroid_106_434\deployed_transmitters_20250903_060816.csv
libya_tile_square_centroid_106_435,91.78144836425781,91.78144836425781,20,"tensor(0.4554, device='cuda:0')",polygon_data\libya_tile_square_centroid_106_435\deployed_transmitters_20250903_060817.csv
libya_tile_square_centroid_106_436,93.31002044677734,93.31002044677734,23,"tensor(0.5791, device='cuda:0')",polygon_data\libya_tile_square_centroid_106_436\deployed_transmitters_20250903_060817.csv
libya_tile_square_centroid_106_437,93.21678161621094,93.21678161621094,18,"tensor(0.5009, device='cuda:0')",polygon_data\libya_tile_square_centroid_106_437\deployed_transmitters_20250903_060817.csv
libya_tile_square_centroid_106_454,91.75849914550781,91.75849914550781,19,"tensor(0.5657, device='cuda:0')",polygon_data\libya_tile_square_centroid_106_454\deployed_transmitters_20250903_060817.csv
libya_tile_square_centroid_106_455,93.28671264648438,93.28671264648438,18,"tensor(0.5979, device='cuda:0')",polygon_data\libya_tile_square_centroid_106_455\deployed_transmitters_20250903_060817.csv
libya_tile_square_centroid_106_456,93.37995147705078,93.37995147705078,18,"tensor(0.5920, device='cuda:0')",polygon_data\libya_tile_square_centroid_106_456\deployed_transmitters_20250903_060818.csv
libya_tile_square_centroid_106_457,91.94214630126953,91.94214630126953,20,"tensor(0.6650, device='cuda:0')",polygon_data\libya_tile_square_centroid_106_457\deployed_transmitters_20250903_060818.csv
libya_tile_square_centroid_106_458,91.8503189086914,91.8503189086914,20,"tensor(0.4676, device='cuda:0')",polygon_data\libya_tile_square_centroid_106_458\deployed_transmitters_20250903_060818.csv
libya_tile_square_centroid_106_459,91.80441284179688,91.80441284179688,19,"tensor(0.5398, device='cuda:0')",polygon_data\libya_tile_square_centroid_106_459\deployed_transmitters_20250903_060818.csv
libya_tile_square_centroid_106_460,93.51981353759766,93.51981353759766,19,"tensor(0.4769, device='cuda:0')",polygon_data\libya_tile_square_centroid_106_460\deployed_transmitters_20250903_060818.csv
libya_tile_square_centroid_106_461,91.87327575683594,91.87327575683594,19,"tensor(0.5889, device='cuda:0')",polygon_data\libya_tile_square_centroid_106_461\deployed_transmitters_20250903_060819.csv
libya_tile_square_centroid_106_462,91.66667175292969,91.66667175292969,11,"tensor(0.3833, device='cuda:0')",polygon_data\libya_tile_square_centroid_106_462\deployed_transmitters_20250903_060819.csv
libya_tile_square_centroid_106_463,93.54312133789062,93.54312133789062,17,"tensor(0.5862, device='cuda:0')",polygon_data\libya_tile_square_centroid_106_463\deployed_transmitters_20250903_060819.csv
libya_tile_square_centroid_106_464,91.919189453125,91.919189453125,21,"tensor(0.6102, device='cuda:0')",polygon_data\libya_tile_square_centroid_106_464\deployed_transmitters_20250903_060819.csv
libya_tile_square_centroid_106_465,91.73553466796875,91.73553466796875,20,"tensor(0.5854, device='cuda:0')",polygon_data\libya_tile_square_centroid_106_465\deployed_transmitters_20250903_060819.csv
libya_tile_square_centroid_107_132,93.28671264648438,93.28671264648438,23,"tensor(0.6768, device='cuda:0')",polygon_data\libya_tile_square_centroid_107_132\deployed_transmitters_20250903_060820.csv
libya_tile_square_centroid_107_225,93.47319793701172,93.47319793701172,25,"tensor(0.6994, device='cuda:0')",polygon_data\libya_tile_square_centroid_107_225\deployed_transmitters_20250903_060820.csv
libya_tile_square_centroid_107_315,91.78144836425781,91.78144836425781,16,"tensor(0.4467, device='cuda:0')",polygon_data\libya_tile_square_centroid_107_315\deployed_transmitters_20250903_060820.csv
libya_tile_square_centroid_107_316,91.89623260498047,91.89623260498047,19,"tensor(0.6472, device='cuda:0')",polygon_data\libya_tile_square_centroid_107_316\deployed_transmitters_20250903_060821.csv
libya_tile_square_centroid_107_431,91.68962097167969,91.68962097167969,17,"tensor(0.5545, device='cuda:0')",polygon_data\libya_tile_square_centroid_107_431\deployed_transmitters_20250903_060821.csv
libya_tile_square_centroid_107_432,93.51981353759766,93.51981353759766,21,"tensor(0.7005, device='cuda:0')",polygon_data\libya_tile_square_centroid_107_432\deployed_transmitters_20250903_060821.csv
libya_tile_square_centroid_107_433,93.44988250732422,93.44988250732422,21,"tensor(0.5984, device='cuda:0')",polygon_data\libya_tile_square_centroid_107_433\deployed_transmitters_20250903_060822.csv
libya_tile_square_centroid_107_434,91.66667175292969,91.66667175292969,18,"tensor(0.4779, device='cuda:0')",polygon_data\libya_tile_square_centroid_107_434\deployed_transmitters_20250903_060822.csv
libya_tile_square_centroid_107_435,91.8503189086914,91.8503189086914,20,"tensor(0.5121, device='cuda:0')",polygon_data\libya_tile_square_centroid_107_435\deployed_transmitters_20250903_060822.csv
libya_tile_square_centroid_107_436,93.47319793701172,93.47319793701172,15,"tensor(0.5076, device='cuda:0')",polygon_data\libya_tile_square_centroid_107_436\deployed_transmitters_20250903_060822.csv
libya_tile_square_centroid_107_437,91.82736206054688,91.82736206054688,18,"tensor(0.6623, device='cuda:0')",polygon_data\libya_tile_square_centroid_107_437\deployed_transmitters_20250903_060822.csv
libya_tile_square_centroid_107_439,91.75849914550781,91.75849914550781,19,"tensor(0.5042, device='cuda:0')",polygon_data\libya_tile_square_centroid_107_439\deployed_transmitters_20250903_060823.csv
libya_tile_square_centroid_107_454,91.9880599975586,91.9880599975586,16,"tensor(0.4445, device='cuda:0')",polygon_data\libya_tile_square_centroid_107_454\deployed_transmitters_20250903_060823.csv
libya_tile_square_centroid_107_455,93.47319793701172,93.47319793701172,24,"tensor(0.6600, device='cuda:0')",polygon_data\libya_tile_square_centroid_107_455\deployed_transmitters_20250903_060823.csv
libya_tile_square_centroid_107_456,91.73553466796875,91.73553466796875,23,"tensor(0.5356, device='cuda:0')",polygon_data\libya_tile_square_centroid_107_456\deployed_transmitters_20250903_060823.csv
libya_tile_square_centroid_107_457,93.2634048461914,93.2634048461914,22,"tensor(0.6942, device='cuda:0')",polygon_data\libya_tile_square_centroid_107_457\deployed_transmitters_20250903_060823.csv
libya_tile_square_centroid_107_458,93.37995147705078,93.37995147705078,19,"tensor(0.7263, device='cuda:0')",polygon_data\libya_tile_square_centroid_107_458\deployed_transmitters_20250903_060824.csv
libya_tile_square_centroid_107_459,93.35664367675781,93.35664367675781,21,"tensor(0.6611, device='cuda:0')",polygon_data\libya_tile_square_centroid_107_459\deployed_transmitters_20250903_060824.csv
libya_tile_square_centroid_107_460,91.87327575683594,91.87327575683594,18,"tensor(0.4596, device='cuda:0')",polygon_data\libya_tile_square_centroid_107_460\deployed_transmitters_20250903_060824.csv
libya_tile_square_centroid_107_461,91.71258544921875,91.71258544921875,18,"tensor(0.5627, device='cuda:0')",polygon_data\libya_tile_square_centroid_107_461\deployed_transmitters_20250903_060824.csv
libya_tile_square_centroid_107_462,93.5897445678711,93.5897445678711,19,"tensor(0.5016, device='cuda:0')",polygon_data\libya_tile_square_centroid_107_462\deployed_transmitters_20250903_060824.csv
libya_tile_square_centroid_107_463,91.89623260498047,91.89623260498047,23,"tensor(0.6111, device='cuda:0')",polygon_data\libya_tile_square_centroid_107_463\deployed_transmitters_20250903_060825.csv
libya_tile_square_centroid_107_464,91.64370727539062,91.64370727539062,15,"tensor(0.4643, device='cuda:0')",polygon_data\libya_tile_square_centroid_107_464\deployed_transmitters_20250903_060825.csv
libya_tile_square_centroid_107_465,93.47319793701172,93.47319793701172,18,"tensor(0.6328, device='cuda:0')",polygon_data\libya_tile_square_centroid_107_465\deployed_transmitters_20250903_060825.csv
libya_tile_square_centroid_108_132,93.2634048461914,93.2634048461914,21,"tensor(0.6734, device='cuda:0')",polygon_data\libya_tile_square_centroid_108_132\deployed_transmitters_20250903_060825.csv
libya_tile_square_centroid_108_389,93.44988250732422,93.44988250732422,19,"tensor(0.5865, device='cuda:0')",polygon_data\libya_tile_square_centroid_108_389\deployed_transmitters_20250903_060826.csv
libya_tile_square_centroid_108_390,93.31002044677734,93.31002044677734,17,"tensor(0.5899, device='cuda:0')",polygon_data\libya_tile_square_centroid_108_390\deployed_transmitters_20250903_060826.csv
libya_tile_square_centroid_108_391,91.919189453125,91.919189453125,17,"tensor(0.4668, device='cuda:0')",polygon_data\libya_tile_square_centroid_108_391\deployed_transmitters_20250903_060826.csv
libya_tile_square_centroid_108_431,93.35664367675781,93.35664367675781,19,"tensor(0.5729, device='cuda:0')",polygon_data\libya_tile_square_centroid_108_431\deployed_transmitters_20250903_060827.csv
libya_tile_square_centroid_108_432,93.28671264648438,93.28671264648438,22,"tensor(0.7341, device='cuda:0')",polygon_data\libya_tile_square_centroid_108_432\deployed_transmitters_20250903_060827.csv
libya_tile_square_centroid_108_433,91.64370727539062,91.64370727539062,27,"tensor(0.6627, device='cuda:0')",polygon_data\libya_tile_square_centroid_108_433\deployed_transmitters_20250903_060827.csv
libya_tile_square_centroid_108_434,91.96510314941406,91.96510314941406,25,"tensor(0.5852, device='cuda:0')",polygon_data\libya_tile_square_centroid_108_434\deployed_transmitters_20250903_060827.csv
libya_tile_square_centroid_108_435,93.54312133789062,93.54312133789062,23,"tensor(0.7828, device='cuda:0')",polygon_data\libya_tile_square_centroid_108_435\deployed_transmitters_20250903_060828.csv
libya_tile_square_centroid_108_436,91.64370727539062,91.64370727539062,11,"tensor(0.3902, device='cuda:0')",polygon_data\libya_tile_square_centroid_108_436\deployed_transmitters_20250903_060828.csv
libya_tile_square_centroid_108_437,91.89623260498047,91.89623260498047,16,"tensor(0.4507, device='cuda:0')",polygon_data\libya_tile_square_centroid_108_437\deployed_transmitters_20250903_060828.csv
libya_tile_square_centroid_108_438,93.40325927734375,93.40325927734375,20,"tensor(0.5522, device='cuda:0')",polygon_data\libya_tile_square_centroid_108_438\deployed_transmitters_20250903_060828.csv
libya_tile_square_centroid_108_439,93.33333587646484,93.33333587646484,19,"tensor(0.5021, device='cuda:0')",polygon_data\libya_tile_square_centroid_108_439\deployed_transmitters_20250903_060828.csv
libya_tile_square_centroid_108_440,93.2634048461914,93.2634048461914,19,"tensor(0.6373, device='cuda:0')",polygon_data\libya_tile_square_centroid_108_440\deployed_transmitters_20250903_060829.csv
libya_tile_square_centroid_108_455,91.64370727539062,91.64370727539062,18,"tensor(0.5066, device='cuda:0')",polygon_data\libya_tile_square_centroid_108_455\deployed_transmitters_20250903_060829.csv
libya_tile_square_centroid_108_456,91.89623260498047,91.89623260498047,14,"tensor(0.4330, device='cuda:0')",polygon_data\libya_tile_square_centroid_108_456\deployed_transmitters_20250903_060829.csv
libya_tile_square_centroid_108_457,93.56643676757812,93.56643676757812,18,"tensor(0.5752, device='cuda:0')",polygon_data\libya_tile_square_centroid_108_457\deployed_transmitters_20250903_060829.csv
libya_tile_square_centroid_108_458,91.71258544921875,91.71258544921875,22,"tensor(0.6547, device='cuda:0')",polygon_data\libya_tile_square_centroid_108_458\deployed_transmitters_20250903_060829.csv
libya_tile_square_centroid_108_459,93.2634048461914,93.2634048461914,24,"tensor(0.7486, device='cuda:0')",polygon_data\libya_tile_square_centroid_108_459\deployed_transmitters_20250903_060830.csv
libya_tile_square_centroid_108_460,91.89623260498047,91.89623260498047,19,"tensor(0.5442, device='cuda:0')",polygon_data\libya_tile_square_centroid_108_460\deployed_transmitters_20250903_060830.csv
libya_tile_square_centroid_108_461,93.37995147705078,93.37995147705078,24,"tensor(0.6038, device='cuda:0')",polygon_data\libya_tile_square_centroid_108_461\deployed_transmitters_20250903_060830.csv
libya_tile_square_centroid_108_462,93.2634048461914,93.2634048461914,14,"tensor(0.4134, device='cuda:0')",polygon_data\libya_tile_square_centroid_108_462\deployed_transmitters_20250903_060830.csv
libya_tile_square_centroid_108_463,91.68962097167969,91.68962097167969,18,"tensor(0.4913, device='cuda:0')",polygon_data\libya_tile_square_centroid_108_463\deployed_transmitters_20250903_060830.csv
libya_tile_square_centroid_108_464,93.51981353759766,93.51981353759766,18,"tensor(0.6284, device='cuda:0')",polygon_data\libya_tile_square_centroid_108_464\deployed_transmitters_20250903_060831.csv
libya_tile_square_centroid_108_465,91.96510314941406,91.96510314941406,15,"tensor(0.5215, device='cuda:0')",polygon_data\libya_tile_square_centroid_108_465\deployed_transmitters_20250903_060831.csv
libya_tile_square_centroid_109_131,93.42657470703125,93.42657470703125,17,"tensor(0.5824, device='cuda:0')",polygon_data\libya_tile_square_centroid_109_131\deployed_transmitters_20250903_060831.csv
libya_tile_square_centroid_109_245,93.47319793701172,93.47319793701172,25,"tensor(0.5101, device='cuda:0')",polygon_data\libya_tile_square_centroid_109_245\deployed_transmitters_20250903_060832.csv
libya_tile_square_centroid_109_246,91.8503189086914,91.8503189086914,16,"tensor(0.4500, device='cuda:0')",polygon_data\libya_tile_square_centroid_109_246\deployed_transmitters_20250903_060832.csv
libya_tile_square_centroid_109_247,91.8503189086914,91.8503189086914,20,"tensor(0.5801, device='cuda:0')",polygon_data\libya_tile_square_centroid_109_247\deployed_transmitters_20250903_060832.csv
libya_tile_square_centroid_109_389,91.82736206054688,91.82736206054688,17,"tensor(0.4730, device='cuda:0')",polygon_data\libya_tile_square_centroid_109_389\deployed_transmitters_20250903_060833.csv
libya_tile_square_centroid_109_390,91.80441284179688,91.80441284179688,17,"tensor(0.4820, device='cuda:0')",polygon_data\libya_tile_square_centroid_109_390\deployed_transmitters_20250903_060833.csv
libya_tile_square_centroid_109_391,91.89623260498047,91.89623260498047,17,"tensor(0.4785, device='cuda:0')",polygon_data\libya_tile_square_centroid_109_391\deployed_transmitters_20250903_060833.csv
libya_tile_square_centroid_109_432,91.82736206054688,91.82736206054688,20,"tensor(0.5601, device='cuda:0')",polygon_data\libya_tile_square_centroid_109_432\deployed_transmitters_20250903_060833.csv
libya_tile_square_centroid_109_433,93.40325927734375,93.40325927734375,16,"tensor(0.4938, device='cuda:0')",polygon_data\libya_tile_square_centroid_109_433\deployed_transmitters_20250903_060834.csv
libya_tile_square_centroid_109_434,93.40325927734375,93.40325927734375,17,"tensor(0.5232, device='cuda:0')",polygon_data\libya_tile_square_centroid_109_434\deployed_transmitters_20250903_060834.csv
libya_tile_square_centroid_109_435,91.71258544921875,91.71258544921875,14,"tensor(0.4612, device='cuda:0')",polygon_data\libya_tile_square_centroid_109_435\deployed_transmitters_20250903_060834.csv
libya_tile_square_centroid_109_436,91.87327575683594,91.87327575683594,18,"tensor(0.5011, device='cuda:0')",polygon_data\libya_tile_square_centroid_109_436\deployed_transmitters_20250903_060834.csv
libya_tile_square_centroid_109_437,93.51981353759766,93.51981353759766,22,"tensor(0.6422, device='cuda:0')",polygon_data\libya_tile_square_centroid_109_437\deployed_transmitters_20250903_060834.csv
libya_tile_square_centroid_109_438,91.73553466796875,91.73553466796875,17,"tensor(0.4735, device='cuda:0')",polygon_data\libya_tile_square_centroid_109_438\deployed_transmitters_20250903_060835.csv
libya_tile_square_centroid_109_439,91.87327575683594,91.87327575683594,16,"tensor(0.5496, device='cuda:0')",polygon_data\libya_tile_square_centroid_109_439\deployed_transmitters_20250903_060835.csv
libya_tile_square_centroid_109_440,91.89623260498047,91.89623260498047,17,"tensor(0.5694, device='cuda:0')",polygon_data\libya_tile_square_centroid_109_440\deployed_transmitters_20250903_060835.csv
libya_tile_square_centroid_109_455,91.94214630126953,91.94214630126953,21,"tensor(0.6734, device='cuda:0')",polygon_data\libya_tile_square_centroid_109_455\deployed_transmitters_20250903_060835.csv
libya_tile_square_centroid_109_456,93.51981353759766,93.51981353759766,19,"tensor(0.5559, device='cuda:0')",polygon_data\libya_tile_square_centroid_109_456\deployed_transmitters_20250903_060835.csv
libya_tile_square_centroid_109_457,91.66667175292969,91.66667175292969,21,"tensor(0.6518, device='cuda:0')",polygon_data\libya_tile_square_centroid_109_457\deployed_transmitters_20250903_060836.csv
libya_tile_square_centroid_109_458,91.8503189086914,91.8503189086914,23,"tensor(0.6690, device='cuda:0')",polygon_data\libya_tile_square_centroid_109_458\deployed_transmitters_20250903_060836.csv
libya_tile_square_centroid_109_459,93.54312133789062,93.54312133789062,14,"tensor(0.3891, device='cuda:0')",polygon_data\libya_tile_square_centroid_109_459\deployed_transmitters_20250903_060836.csv
libya_tile_square_centroid_109_460,91.78144836425781,91.78144836425781,22,"tensor(0.6221, device='cuda:0')",polygon_data\libya_tile_square_centroid_109_460\deployed_transmitters_20250903_060836.csv
libya_tile_square_centroid_109_461,91.87327575683594,91.87327575683594,15,"tensor(0.3645, device='cuda:0')",polygon_data\libya_tile_square_centroid_109_461\deployed_transmitters_20250903_060836.csv
libya_tile_square_centroid_109_462,91.919189453125,91.919189453125,21,"tensor(0.4252, device='cuda:0')",polygon_data\libya_tile_square_centroid_109_462\deployed_transmitters_20250903_060836.csv
libya_tile_square_centroid_109_463,93.40325927734375,93.40325927734375,20,"tensor(0.5326, device='cuda:0')",polygon_data\libya_tile_square_centroid_109_463\deployed_transmitters_20250903_060837.csv
libya_tile_square_centroid_109_464,93.24009704589844,93.24009704589844,15,"tensor(0.4421, device='cuda:0')",polygon_data\libya_tile_square_centroid_109_464\deployed_transmitters_20250903_060837.csv
libya_tile_square_centroid_10_226,92.63085174560547,92.63085174560547,15,"tensor(0.5504, device='cuda:0')",polygon_data\libya_tile_square_centroid_10_226\deployed_transmitters_20250903_060837.csv
libya_tile_square_centroid_10_227,93.84615325927734,93.84615325927734,26,"tensor(0.6216, device='cuda:0')",polygon_data\libya_tile_square_centroid_10_227\deployed_transmitters_20250903_060837.csv
libya_tile_square_centroid_110_131,91.8503189086914,91.8503189086914,15,"tensor(0.5904, device='cuda:0')",polygon_data\libya_tile_square_centroid_110_131\deployed_transmitters_20250903_060837.csv
libya_tile_square_centroid_110_245,91.66667175292969,91.66667175292969,18,"tensor(0.5112, device='cuda:0')",polygon_data\libya_tile_square_centroid_110_245\deployed_transmitters_20250903_060838.csv
libya_tile_square_centroid_110_246,93.33333587646484,93.33333587646484,19,"tensor(0.4934, device='cuda:0')",polygon_data\libya_tile_square_centroid_110_246\deployed_transmitters_20250903_060838.csv
libya_tile_square_centroid_110_433,91.87327575683594,91.87327575683594,18,"tensor(0.5769, device='cuda:0')",polygon_data\libya_tile_square_centroid_110_433\deployed_transmitters_20250903_060839.csv
libya_tile_square_centroid_110_434,91.82736206054688,91.82736206054688,17,"tensor(0.5394, device='cuda:0')",polygon_data\libya_tile_square_centroid_110_434\deployed_transmitters_20250903_060839.csv
libya_tile_square_centroid_110_435,93.2634048461914,93.2634048461914,16,"tensor(0.4822, device='cuda:0')",polygon_data\libya_tile_square_centroid_110_435\deployed_transmitters_20250903_060839.csv
libya_tile_square_centroid_110_436,94.91123962402344,94.91123962402344,16,"tensor(0.4802, device='cuda:0')",polygon_data\libya_tile_square_centroid_110_436\deployed_transmitters_20250903_060839.csv
libya_tile_square_centroid_110_437,91.73553466796875,91.73553466796875,17,"tensor(0.5527, device='cuda:0')",polygon_data\libya_tile_square_centroid_110_437\deployed_transmitters_20250903_060840.csv
libya_tile_square_centroid_110_438,91.80441284179688,91.80441284179688,13,"tensor(0.5594, device='cuda:0')",polygon_data\libya_tile_square_centroid_110_438\deployed_transmitters_20250903_060840.csv
libya_tile_square_centroid_110_439,93.47319793701172,93.47319793701172,18,"tensor(0.5298, device='cuda:0')",polygon_data\libya_tile_square_centroid_110_439\deployed_transmitters_20250903_060840.csv
libya_tile_square_centroid_110_440,93.24009704589844,93.24009704589844,19,"tensor(0.5634, device='cuda:0')",polygon_data\libya_tile_square_centroid_110_440\deployed_transmitters_20250903_060840.csv
libya_tile_square_centroid_110_441,91.8503189086914,91.8503189086914,16,"tensor(0.5462, device='cuda:0')",polygon_data\libya_tile_square_centroid_110_441\deployed_transmitters_20250903_060840.csv
libya_tile_square_centroid_110_442,91.8503189086914,91.8503189086914,16,"tensor(0.5294, device='cuda:0')",polygon_data\libya_tile_square_centroid_110_442\deployed_transmitters_20250903_060840.csv
libya_tile_square_centroid_110_453,91.82736206054688,91.82736206054688,20,"tensor(0.5755, device='cuda:0')",polygon_data\libya_tile_square_centroid_110_453\deployed_transmitters_20250903_060841.csv
libya_tile_square_centroid_110_454,93.35664367675781,93.35664367675781,17,"tensor(0.4943, device='cuda:0')",polygon_data\libya_tile_square_centroid_110_454\deployed_transmitters_20250903_060841.csv
libya_tile_square_centroid_110_455,93.37995147705078,93.37995147705078,18,"tensor(0.5114, device='cuda:0')",polygon_data\libya_tile_square_centroid_110_455\deployed_transmitters_20250903_060841.csv
libya_tile_square_centroid_110_456,91.73553466796875,91.73553466796875,20,"tensor(0.5291, device='cuda:0')",polygon_data\libya_tile_square_centroid_110_456\deployed_transmitters_20250903_060841.csv
libya_tile_square_centroid_110_457,91.82736206054688,91.82736206054688,21,"tensor(0.5451, device='cuda:0')",polygon_data\libya_tile_square_centroid_110_457\deployed_transmitters_20250903_060841.csv
libya_tile_square_centroid_110_458,94.98224639892578,94.98224639892578,18,"tensor(0.5412, device='cuda:0')",polygon_data\libya_tile_square_centroid_110_458\deployed_transmitters_20250903_060842.csv
libya_tile_square_centroid_110_459,91.73553466796875,91.73553466796875,13,"tensor(0.3342, device='cuda:0')",polygon_data\libya_tile_square_centroid_110_459\deployed_transmitters_20250903_060842.csv
libya_tile_square_centroid_110_460,91.80441284179688,91.80441284179688,19,"tensor(0.3490, device='cuda:0')",polygon_data\libya_tile_square_centroid_110_460\deployed_transmitters_20250903_060842.csv
libya_tile_square_centroid_110_461,93.40325927734375,93.40325927734375,17,"tensor(0.4393, device='cuda:0')",polygon_data\libya_tile_square_centroid_110_461\deployed_transmitters_20250903_060842.csv
libya_tile_square_centroid_110_462,93.28671264648438,93.28671264648438,21,"tensor(0.4222, device='cuda:0')",polygon_data\libya_tile_square_centroid_110_462\deployed_transmitters_20250903_060842.csv
libya_tile_square_centroid_110_463,91.8503189086914,91.8503189086914,17,"tensor(0.4703, device='cuda:0')",polygon_data\libya_tile_square_centroid_110_463\deployed_transmitters_20250903_060843.csv
libya_tile_square_centroid_110_464,91.82736206054688,91.82736206054688,19,"tensor(0.5375, device='cuda:0')",polygon_data\libya_tile_square_centroid_110_464\deployed_transmitters_20250903_060843.csv
libya_tile_square_centroid_111_131,91.66667175292969,91.66667175292969,21,"tensor(0.6897, device='cuda:0')",polygon_data\libya_tile_square_centroid_111_131\deployed_transmitters_20250903_060843.csv
libya_tile_square_centroid_111_245,93.35664367675781,93.35664367675781,18,"tensor(0.4142, device='cuda:0')",polygon_data\libya_tile_square_centroid_111_245\deployed_transmitters_20250903_060844.csv
libya_tile_square_centroid_111_246,93.37995147705078,93.37995147705078,21,"tensor(0.5413, device='cuda:0')",polygon_data\libya_tile_square_centroid_111_246\deployed_transmitters_20250903_060844.csv
libya_tile_square_centroid_111_434,93.33333587646484,93.33333587646484,20,"tensor(0.5037, device='cuda:0')",polygon_data\libya_tile_square_centroid_111_434\deployed_transmitters_20250903_060844.csv
libya_tile_square_centroid_111_435,91.96510314941406,91.96510314941406,16,"tensor(0.5296, device='cuda:0')",polygon_data\libya_tile_square_centroid_111_435\deployed_transmitters_20250903_060845.csv
libya_tile_square_centroid_111_436,91.82736206054688,91.82736206054688,23,"tensor(0.6378, device='cuda:0')",polygon_data\libya_tile_square_centroid_111_436\deployed_transmitters_20250903_060845.csv
libya_tile_square_centroid_111_437,91.73553466796875,91.73553466796875,16,"tensor(0.4715, device='cuda:0')",polygon_data\libya_tile_square_centroid_111_437\deployed_transmitters_20250903_060845.csv
libya_tile_square_centroid_111_438,94.95858001708984,94.95858001708984,25,"tensor(0.6302, device='cuda:0')",polygon_data\libya_tile_square_centroid_111_438\deployed_transmitters_20250903_060845.csv
libya_tile_square_centroid_111_439,91.80441284179688,91.80441284179688,19,"tensor(0.5224, device='cuda:0')",polygon_data\libya_tile_square_centroid_111_439\deployed_transmitters_20250903_060845.csv
libya_tile_square_centroid_111_441,91.96510314941406,91.96510314941406,19,"tensor(0.4847, device='cuda:0')",polygon_data\libya_tile_square_centroid_111_441\deployed_transmitters_20250903_060846.csv
libya_tile_square_centroid_111_442,93.33333587646484,93.33333587646484,21,"tensor(0.6480, device='cuda:0')",polygon_data\libya_tile_square_centroid_111_442\deployed_transmitters_20250903_060846.csv
libya_tile_square_centroid_111_452,91.87327575683594,91.87327575683594,17,"tensor(0.5958, device='cuda:0')",polygon_data\libya_tile_square_centroid_111_452\deployed_transmitters_20250903_060846.csv
libya_tile_square_centroid_111_453,93.37995147705078,93.37995147705078,17,"tensor(0.5647, device='cuda:0')",polygon_data\libya_tile_square_centroid_111_453\deployed_transmitters_20250903_060846.csv
libya_tile_square_centroid_111_454,91.89623260498047,91.89623260498047,19,"tensor(0.5357, device='cuda:0')",polygon_data\libya_tile_square_centroid_111_454\deployed_transmitters_20250903_060846.csv
libya_tile_square_centroid_111_455,91.8503189086914,91.8503189086914,13,"tensor(0.4074, device='cuda:0')",polygon_data\libya_tile_square_centroid_111_455\deployed_transmitters_20250903_060846.csv
libya_tile_square_centroid_111_456,93.21678161621094,93.21678161621094,16,"tensor(0.5165, device='cuda:0')",polygon_data\libya_tile_square_centroid_111_456\deployed_transmitters_20250903_060847.csv
libya_tile_square_centroid_111_457,93.49649810791016,93.49649810791016,20,"tensor(0.5646, device='cuda:0')",polygon_data\libya_tile_square_centroid_111_457\deployed_transmitters_20250903_060847.csv
libya_tile_square_centroid_111_458,91.80441284179688,91.80441284179688,20,"tensor(0.6281, device='cuda:0')",polygon_data\libya_tile_square_centroid_111_458\deployed_transmitters_20250903_060847.csv
libya_tile_square_centroid_111_459,91.66667175292969,91.66667175292969,19,"tensor(0.6192, device='cuda:0')",polygon_data\libya_tile_square_centroid_111_459\deployed_transmitters_20250903_060847.csv
libya_tile_square_centroid_111_460,95.00592041015625,95.00592041015625,20,"tensor(0.4720, device='cuda:0')",polygon_data\libya_tile_square_centroid_111_460\deployed_transmitters_20250903_060847.csv
libya_tile_square_centroid_111_461,91.87327575683594,91.87327575683594,20,"tensor(0.4660, device='cuda:0')",polygon_data\libya_tile_square_centroid_111_461\deployed_transmitters_20250903_060848.csv
libya_tile_square_centroid_111_462,91.73553466796875,91.73553466796875,21,"tensor(0.4280, device='cuda:0')",polygon_data\libya_tile_square_centroid_111_462\deployed_transmitters_20250903_060848.csv
libya_tile_square_centroid_111_463,93.33333587646484,93.33333587646484,16,"tensor(0.3652, device='cuda:0')",polygon_data\libya_tile_square_centroid_111_463\deployed_transmitters_20250903_060848.csv
libya_tile_square_centroid_111_464,93.44988250732422,93.44988250732422,19,"tensor(0.5911, device='cuda:0')",polygon_data\libya_tile_square_centroid_111_464\deployed_transmitters_20250903_060848.csv
libya_tile_square_centroid_112_130,91.80441284179688,91.80441284179688,19,"tensor(0.6762, device='cuda:0')",polygon_data\libya_tile_square_centroid_112_130\deployed_transmitters_20250903_060848.csv
libya_tile_square_centroid_112_131,93.40325927734375,93.40325927734375,19,"tensor(0.6009, device='cuda:0')",polygon_data\libya_tile_square_centroid_112_131\deployed_transmitters_20250903_060849.csv
libya_tile_square_centroid_112_245,93.33333587646484,93.33333587646484,20,"tensor(0.6235, device='cuda:0')",polygon_data\libya_tile_square_centroid_112_245\deployed_transmitters_20250903_060849.csv
libya_tile_square_centroid_112_246,91.62075805664062,91.62075805664062,17,"tensor(0.4804, device='cuda:0')",polygon_data\libya_tile_square_centroid_112_246\deployed_transmitters_20250903_060849.csv
libya_tile_square_centroid_112_433,93.37995147705078,93.37995147705078,16,"tensor(0.4398, device='cuda:0')",polygon_data\libya_tile_square_centroid_112_433\deployed_transmitters_20250903_060850.csv
libya_tile_square_centroid_112_434,91.73553466796875,91.73553466796875,24,"tensor(0.7097, device='cuda:0')",polygon_data\libya_tile_square_centroid_112_434\deployed_transmitters_20250903_060850.csv
libya_tile_square_centroid_112_435,91.82736206054688,91.82736206054688,21,"tensor(0.6536, device='cuda:0')",polygon_data\libya_tile_square_centroid_112_435\deployed_transmitters_20250903_060850.csv
libya_tile_square_centroid_112_436,93.2634048461914,93.2634048461914,20,"tensor(0.5084, device='cuda:0')",polygon_data\libya_tile_square_centroid_112_436\deployed_transmitters_20250903_060851.csv
libya_tile_square_centroid_112_437,93.49649810791016,93.49649810791016,22,"tensor(0.4686, device='cuda:0')",polygon_data\libya_tile_square_centroid_112_437\deployed_transmitters_20250903_060851.csv
libya_tile_square_centroid_112_438,91.82736206054688,91.82736206054688,21,"tensor(0.4785, device='cuda:0')",polygon_data\libya_tile_square_centroid_112_438\deployed_transmitters_20250903_060851.csv
libya_tile_square_centroid_112_439,91.64370727539062,91.64370727539062,18,"tensor(0.5450, device='cuda:0')",polygon_data\libya_tile_square_centroid_112_439\deployed_transmitters_20250903_060851.csv
libya_tile_square_centroid_112_451,94.8875732421875,94.8875732421875,18,"tensor(0.5433, device='cuda:0')",polygon_data\libya_tile_square_centroid_112_451\deployed_transmitters_20250903_060852.csv
libya_tile_square_centroid_112_452,93.40325927734375,93.40325927734375,24,"tensor(0.6917, device='cuda:0')",polygon_data\libya_tile_square_centroid_112_452\deployed_transmitters_20250903_060852.csv
libya_tile_square_centroid_112_453,91.71258544921875,91.71258544921875,21,"tensor(0.5880, device='cuda:0')",polygon_data\libya_tile_square_centroid_112_453\deployed_transmitters_20250903_060852.csv
libya_tile_square_centroid_112_454,93.24009704589844,93.24009704589844,20,"tensor(0.6399, device='cuda:0')",polygon_data\libya_tile_square_centroid_112_454\deployed_transmitters_20250903_060852.csv
libya_tile_square_centroid_112_455,93.35664367675781,93.35664367675781,25,"tensor(0.7782, device='cuda:0')",polygon_data\libya_tile_square_centroid_112_455\deployed_transmitters_20250903_060852.csv
libya_tile_square_centroid_112_456,91.919189453125,91.919189453125,18,"tensor(0.5319, device='cuda:0')",polygon_data\libya_tile_square_centroid_112_456\deployed_transmitters_20250903_060853.csv
libya_tile_square_centroid_112_457,91.8503189086914,91.8503189086914,17,"tensor(0.4875, device='cuda:0')",polygon_data\libya_tile_square_centroid_112_457\deployed_transmitters_20250903_060853.csv
libya_tile_square_centroid_112_458,91.71258544921875,91.71258544921875,18,"tensor(0.4926, device='cuda:0')",polygon_data\libya_tile_square_centroid_112_458\deployed_transmitters_20250903_060853.csv
libya_tile_square_centroid_112_459,93.54312133789062,93.54312133789062,17,"tensor(0.3568, device='cuda:0')",polygon_data\libya_tile_square_centroid_112_459\deployed_transmitters_20250903_060853.csv
libya_tile_square_centroid_112_460,91.8503189086914,91.8503189086914,17,"tensor(0.6085, device='cuda:0')",polygon_data\libya_tile_square_centroid_112_460\deployed_transmitters_20250903_060853.csv
libya_tile_square_centroid_112_461,91.64370727539062,91.64370727539062,18,"tensor(0.3767, device='cuda:0')",polygon_data\libya_tile_square_centroid_112_461\deployed_transmitters_20250903_060853.csv
libya_tile_square_centroid_112_462,93.47319793701172,93.47319793701172,19,"tensor(0.3883, device='cuda:0')",polygon_data\libya_tile_square_centroid_112_462\deployed_transmitters_20250903_060854.csv
libya_tile_square_centroid_112_463,93.42657470703125,93.42657470703125,19,"tensor(0.3900, device='cuda:0')",polygon_data\libya_tile_square_centroid_112_463\deployed_transmitters_20250903_060854.csv
libya_tile_square_centroid_112_464,91.64370727539062,91.64370727539062,21,"tensor(0.7285, device='cuda:0')",polygon_data\libya_tile_square_centroid_112_464\deployed_transmitters_20250903_060854.csv
libya_tile_square_centroid_113_130,91.78144836425781,91.78144836425781,24,"tensor(0.7937, device='cuda:0')",polygon_data\libya_tile_square_centroid_113_130\deployed_transmitters_20250903_060854.csv
libya_tile_square_centroid_113_244,91.87327575683594,91.87327575683594,17,"tensor(0.5384, device='cuda:0')",polygon_data\libya_tile_square_centroid_113_244\deployed_transmitters_20250903_060855.csv
libya_tile_square_centroid_113_245,93.31002044677734,93.31002044677734,20,"tensor(0.5527, device='cuda:0')",polygon_data\libya_tile_square_centroid_113_245\deployed_transmitters_20250903_060855.csv
libya_tile_square_centroid_113_246,93.47319793701172,93.47319793701172,20,"tensor(0.5198, device='cuda:0')",polygon_data\libya_tile_square_centroid_113_246\deployed_transmitters_20250903_060855.csv
libya_tile_square_centroid_113_383,91.89623260498047,91.89623260498047,21,"tensor(0.6945, device='cuda:0')",polygon_data\libya_tile_square_centroid_113_383\deployed_transmitters_20250903_060856.csv
libya_tile_square_centroid_113_432,91.919189453125,91.919189453125,22,"tensor(0.5178, device='cuda:0')",polygon_data\libya_tile_square_centroid_113_432\deployed_transmitters_20250903_060856.csv
libya_tile_square_centroid_113_433,91.62075805664062,91.62075805664062,16,"tensor(0.3855, device='cuda:0')",polygon_data\libya_tile_square_centroid_113_433\deployed_transmitters_20250903_060856.csv
libya_tile_square_centroid_113_434,93.37995147705078,93.37995147705078,22,"tensor(0.6355, device='cuda:0')",polygon_data\libya_tile_square_centroid_113_434\deployed_transmitters_20250903_060856.csv
libya_tile_square_centroid_113_435,93.44988250732422,93.44988250732422,21,"tensor(0.6371, device='cuda:0')",polygon_data\libya_tile_square_centroid_113_435\deployed_transmitters_20250903_060857.csv
libya_tile_square_centroid_113_436,91.78144836425781,91.78144836425781,18,"tensor(0.4217, device='cuda:0')",polygon_data\libya_tile_square_centroid_113_436\deployed_transmitters_20250903_060857.csv
libya_tile_square_centroid_113_437,93.24009704589844,93.24009704589844,19,"tensor(0.5482, device='cuda:0')",polygon_data\libya_tile_square_centroid_113_437\deployed_transmitters_20250903_060857.csv
libya_tile_square_centroid_113_438,91.78144836425781,91.78144836425781,16,"tensor(0.3992, device='cuda:0')",polygon_data\libya_tile_square_centroid_113_438\deployed_transmitters_20250903_060857.csv
libya_tile_square_centroid_113_439,93.51981353759766,93.51981353759766,18,"tensor(0.6165, device='cuda:0')",polygon_data\libya_tile_square_centroid_113_439\deployed_transmitters_20250903_060857.csv
libya_tile_square_centroid_113_445,93.2634048461914,93.2634048461914,16,"tensor(0.3123, device='cuda:0')",polygon_data\libya_tile_square_centroid_113_445\deployed_transmitters_20250903_060858.csv
libya_tile_square_centroid_113_446,93.33333587646484,93.33333587646484,18,"tensor(0.5254, device='cuda:0')",polygon_data\libya_tile_square_centroid_113_446\deployed_transmitters_20250903_060858.csv
libya_tile_square_centroid_113_447,93.37995147705078,93.37995147705078,18,"tensor(0.5846, device='cuda:0')",polygon_data\libya_tile_square_centroid_113_447\deployed_transmitters_20250903_060858.csv
libya_tile_square_centroid_113_448,91.8503189086914,91.8503189086914,18,"tensor(0.6031, device='cuda:0')",polygon_data\libya_tile_square_centroid_113_448\deployed_transmitters_20250903_060858.csv
libya_tile_square_centroid_113_450,93.51981353759766,93.51981353759766,19,"tensor(0.4615, device='cuda:0')",polygon_data\libya_tile_square_centroid_113_450\deployed_transmitters_20250903_060858.csv
libya_tile_square_centroid_113_451,91.919189453125,91.919189453125,19,"tensor(0.5304, device='cuda:0')",polygon_data\libya_tile_square_centroid_113_451\deployed_transmitters_20250903_060858.csv
libya_tile_square_centroid_113_452,91.64370727539062,91.64370727539062,15,"tensor(0.4324, device='cuda:0')",polygon_data\libya_tile_square_centroid_113_452\deployed_transmitters_20250903_060859.csv
libya_tile_square_centroid_113_453,91.94214630126953,91.94214630126953,19,"tensor(0.6224, device='cuda:0')",polygon_data\libya_tile_square_centroid_113_453\deployed_transmitters_20250903_060859.csv
libya_tile_square_centroid_113_454,93.51981353759766,93.51981353759766,21,"tensor(0.4832, device='cuda:0')",polygon_data\libya_tile_square_centroid_113_454\deployed_transmitters_20250903_060859.csv
libya_tile_square_centroid_113_455,91.68962097167969,91.68962097167969,21,"tensor(0.4587, device='cuda:0')",polygon_data\libya_tile_square_centroid_113_455\deployed_transmitters_20250903_060859.csv
libya_tile_square_centroid_113_456,93.28671264648438,93.28671264648438,16,"tensor(0.4712, device='cuda:0')",polygon_data\libya_tile_square_centroid_113_456\deployed_transmitters_20250903_060859.csv
libya_tile_square_centroid_113_457,93.35664367675781,93.35664367675781,15,"tensor(0.4381, device='cuda:0')",polygon_data\libya_tile_square_centroid_113_457\deployed_transmitters_20250903_060900.csv
libya_tile_square_centroid_113_458,93.33333587646484,93.33333587646484,19,"tensor(0.6018, device='cuda:0')",polygon_data\libya_tile_square_centroid_113_458\deployed_transmitters_20250903_060900.csv
libya_tile_square_centroid_113_459,93.2634048461914,93.2634048461914,20,"tensor(0.4436, device='cuda:0')",polygon_data\libya_tile_square_centroid_113_459\deployed_transmitters_20250903_060900.csv
libya_tile_square_centroid_113_460,91.68962097167969,91.68962097167969,17,"tensor(0.5132, device='cuda:0')",polygon_data\libya_tile_square_centroid_113_460\deployed_transmitters_20250903_060900.csv
libya_tile_square_centroid_113_461,93.49649810791016,93.49649810791016,19,"tensor(0.4254, device='cuda:0')",polygon_data\libya_tile_square_centroid_113_461\deployed_transmitters_20250903_060900.csv
libya_tile_square_centroid_113_462,91.919189453125,91.919189453125,19,"tensor(0.4624, device='cuda:0')",polygon_data\libya_tile_square_centroid_113_462\deployed_transmitters_20250903_060901.csv
libya_tile_square_centroid_113_463,91.64370727539062,91.64370727539062,24,"tensor(0.5307, device='cuda:0')",polygon_data\libya_tile_square_centroid_113_463\deployed_transmitters_20250903_060901.csv
libya_tile_square_centroid_113_464,91.96510314941406,91.96510314941406,19,"tensor(0.7806, device='cuda:0')",polygon_data\libya_tile_square_centroid_113_464\deployed_transmitters_20250903_060901.csv
libya_tile_square_centroid_114_130,91.78144836425781,91.78144836425781,20,"tensor(0.5583, device='cuda:0')",polygon_data\libya_tile_square_centroid_114_130\deployed_transmitters_20250903_060901.csv
libya_tile_square_centroid_114_224,91.64370727539062,91.64370727539062,20,"tensor(0.6478, device='cuda:0')",polygon_data\libya_tile_square_centroid_114_224\deployed_transmitters_20250903_060902.csv
libya_tile_square_centroid_114_225,93.33333587646484,93.33333587646484,19,"tensor(0.6018, device='cuda:0')",polygon_data\libya_tile_square_centroid_114_225\deployed_transmitters_20250903_060902.csv
libya_tile_square_centroid_114_375,93.42657470703125,93.42657470703125,21,"tensor(0.7329, device='cuda:0')",polygon_data\libya_tile_square_centroid_114_375\deployed_transmitters_20250903_060903.csv
libya_tile_square_centroid_114_376,91.75849914550781,91.75849914550781,17,"tensor(0.4944, device='cuda:0')",polygon_data\libya_tile_square_centroid_114_376\deployed_transmitters_20250903_060903.csv
libya_tile_square_centroid_114_383,93.47319793701172,93.47319793701172,21,"tensor(0.5753, device='cuda:0')",polygon_data\libya_tile_square_centroid_114_383\deployed_transmitters_20250903_060903.csv
libya_tile_square_centroid_114_432,91.62075805664062,91.62075805664062,14,"tensor(0.5772, device='cuda:0')",polygon_data\libya_tile_square_centroid_114_432\deployed_transmitters_20250903_060903.csv
libya_tile_square_centroid_114_433,93.47319793701172,93.47319793701172,16,"tensor(0.6057, device='cuda:0')",polygon_data\libya_tile_square_centroid_114_433\deployed_transmitters_20250903_060904.csv
libya_tile_square_centroid_114_434,93.42657470703125,93.42657470703125,19,"tensor(0.4750, device='cuda:0')",polygon_data\libya_tile_square_centroid_114_434\deployed_transmitters_20250903_060904.csv
libya_tile_square_centroid_114_435,91.62075805664062,91.62075805664062,23,"tensor(0.5636, device='cuda:0')",polygon_data\libya_tile_square_centroid_114_435\deployed_transmitters_20250903_060904.csv
libya_tile_square_centroid_114_436,91.87327575683594,91.87327575683594,21,"tensor(0.5354, device='cuda:0')",polygon_data\libya_tile_square_centroid_114_436\deployed_transmitters_20250903_060904.csv
libya_tile_square_centroid_114_437,93.42657470703125,93.42657470703125,14,"tensor(0.3840, device='cuda:0')",polygon_data\libya_tile_square_centroid_114_437\deployed_transmitters_20250903_060904.csv
libya_tile_square_centroid_114_438,91.8503189086914,91.8503189086914,22,"tensor(0.6473, device='cuda:0')",polygon_data\libya_tile_square_centroid_114_438\deployed_transmitters_20250903_060905.csv
libya_tile_square_centroid_114_439,93.2634048461914,93.2634048461914,19,"tensor(0.6072, device='cuda:0')",polygon_data\libya_tile_square_centroid_114_439\deployed_transmitters_20250903_060905.csv
libya_tile_square_centroid_114_440,91.68962097167969,91.68962097167969,15,"tensor(0.5467, device='cuda:0')",polygon_data\libya_tile_square_centroid_114_440\deployed_transmitters_20250903_060905.csv
libya_tile_square_centroid_114_446,91.71258544921875,91.71258544921875,17,"tensor(0.4700, device='cuda:0')",polygon_data\libya_tile_square_centroid_114_446\deployed_transmitters_20250903_060905.csv
libya_tile_square_centroid_114_447,93.24009704589844,93.24009704589844,24,"tensor(0.7169, device='cuda:0')",polygon_data\libya_tile_square_centroid_114_447\deployed_transmitters_20250903_060905.csv
libya_tile_square_centroid_114_448,91.89623260498047,91.89623260498047,14,"tensor(0.4208, device='cuda:0')",polygon_data\libya_tile_square_centroid_114_448\deployed_transmitters_20250903_060905.csv
libya_tile_square_centroid_114_450,93.2634048461914,93.2634048461914,21,"tensor(0.5578, device='cuda:0')",polygon_data\libya_tile_square_centroid_114_450\deployed_transmitters_20250903_060906.csv
libya_tile_square_centroid_114_451,91.68962097167969,91.68962097167969,17,"tensor(0.5688, device='cuda:0')",polygon_data\libya_tile_square_centroid_114_451\deployed_transmitters_20250903_060906.csv
libya_tile_square_centroid_114_452,93.44988250732422,93.44988250732422,21,"tensor(0.6408, device='cuda:0')",polygon_data\libya_tile_square_centroid_114_452\deployed_transmitters_20250903_060906.csv
libya_tile_square_centroid_114_453,93.42657470703125,93.42657470703125,25,"tensor(0.6052, device='cuda:0')",polygon_data\libya_tile_square_centroid_114_453\deployed_transmitters_20250903_060906.csv
libya_tile_square_centroid_114_454,91.62075805664062,91.62075805664062,16,"tensor(0.4766, device='cuda:0')",polygon_data\libya_tile_square_centroid_114_454\deployed_transmitters_20250903_060906.csv
libya_tile_square_centroid_114_455,91.8503189086914,91.8503189086914,19,"tensor(0.5148, device='cuda:0')",polygon_data\libya_tile_square_centroid_114_455\deployed_transmitters_20250903_060907.csv
libya_tile_square_centroid_114_456,93.51981353759766,93.51981353759766,21,"tensor(0.5177, device='cuda:0')",polygon_data\libya_tile_square_centroid_114_456\deployed_transmitters_20250903_060907.csv
libya_tile_square_centroid_114_457,91.73553466796875,91.73553466796875,22,"tensor(0.5970, device='cuda:0')",polygon_data\libya_tile_square_centroid_114_457\deployed_transmitters_20250903_060907.csv
libya_tile_square_centroid_114_458,91.8503189086914,91.8503189086914,16,"tensor(0.5317, device='cuda:0')",polygon_data\libya_tile_square_centroid_114_458\deployed_transmitters_20250903_060907.csv
libya_tile_square_centroid_114_459,91.94214630126953,91.94214630126953,19,"tensor(0.5614, device='cuda:0')",polygon_data\libya_tile_square_centroid_114_459\deployed_transmitters_20250903_060907.csv
libya_tile_square_centroid_114_460,93.33333587646484,93.33333587646484,19,"tensor(0.5436, device='cuda:0')",polygon_data\libya_tile_square_centroid_114_460\deployed_transmitters_20250903_060908.csv
libya_tile_square_centroid_114_461,93.24009704589844,93.24009704589844,16,"tensor(0.3796, device='cuda:0')",polygon_data\libya_tile_square_centroid_114_461\deployed_transmitters_20250903_060908.csv
libya_tile_square_centroid_114_462,91.75849914550781,91.75849914550781,22,"tensor(0.3491, device='cuda:0')",polygon_data\libya_tile_square_centroid_114_462\deployed_transmitters_20250903_060908.csv
libya_tile_square_centroid_114_463,93.37995147705078,93.37995147705078,18,"tensor(0.4934, device='cuda:0')",polygon_data\libya_tile_square_centroid_114_463\deployed_transmitters_20250903_060908.csv
libya_tile_square_centroid_115_130,93.42657470703125,93.42657470703125,21,"tensor(0.7639, device='cuda:0')",polygon_data\libya_tile_square_centroid_115_130\deployed_transmitters_20250903_060908.csv
libya_tile_square_centroid_115_225,93.35664367675781,93.35664367675781,21,"tensor(0.5686, device='cuda:0')",polygon_data\libya_tile_square_centroid_115_225\deployed_transmitters_20250903_060909.csv
libya_tile_square_centroid_115_226,91.80441284179688,91.80441284179688,22,"tensor(0.6420, device='cuda:0')",polygon_data\libya_tile_square_centroid_115_226\deployed_transmitters_20250903_060909.csv
libya_tile_square_centroid_115_244,91.66667175292969,91.66667175292969,15,"tensor(0.5017, device='cuda:0')",polygon_data\libya_tile_square_centroid_115_244\deployed_transmitters_20250903_060909.csv
libya_tile_square_centroid_115_245,94.91123962402344,94.91123962402344,20,"tensor(0.4478, device='cuda:0')",polygon_data\libya_tile_square_centroid_115_245\deployed_transmitters_20250903_060909.csv
libya_tile_square_centroid_115_246,93.24009704589844,93.24009704589844,17,"tensor(0.4773, device='cuda:0')",polygon_data\libya_tile_square_centroid_115_246\deployed_transmitters_20250903_060910.csv
Untitled project,56.56282424926758,56.56282424926758,28,"tensor(0.1293, device='cuda:0')",polygon_data\Untitled project\deployed_transmitters_20250903_060910.csv
Untitled project (2),74.44444274902344,74.44444274902344,29,"tensor(0.0899, device='cuda:0')",polygon_data\Untitled project (2)\deployed_transmitters_20250903_060911.csv
